{"cameraMode":{"drawMode":0,"name":"Shaded","section":"Shading Mode"},"sceneLighting":false,"audioPlay":false,"sceneViewState":{"m_AlwaysRefresh":false,"showFog":true,"showSkybox":false,"showFlares":true,"showImageEffects":true,"showParticleSystems":true,"showVisualEffectGraphs":true,"m_FxEnabled":true},"in2DMode":false,"pivot":{"x":-9.193777084350586,"y":-6.016603469848633,"z":19.25031280517578},"rotation":{"x":0.23294614255428315,"y":-0.05938168987631798,"z":0.014308745041489602,"w":0.9705656170845032},"size":18.186532974243165,"orthographic":false}