{"cameraMode":{"drawMode":0,"name":"Shaded","section":"Shading Mode"},"sceneLighting":false,"audioPlay":false,"sceneViewState":{"m_AlwaysRefresh":false,"showFog":true,"showSkybox":false,"showFlares":true,"showImageEffects":true,"showParticleSystems":true,"showVisualEffectGraphs":true,"m_FxEnabled":true},"in2DMode":false,"pivot":{"x":22.896358489990236,"y":1.1453571319580079,"z":-51.50550079345703},"rotation":{"x":-0.1319824606180191,"y":0.04089793935418129,"z":-0.016901668161153795,"w":-0.9903705716133118},"size":0.9024390578269959,"orthographic":false}