{"cameraMode":{"drawMode":0,"name":"Shaded","section":"Shading Mode"},"sceneLighting":false,"audioPlay":false,"sceneViewState":{"m_AlwaysRefresh":false,"showFog":true,"showSkybox":false,"showFlares":true,"showImageEffects":true,"showParticleSystems":true,"showVisualEffectGraphs":true,"m_FxEnabled":true},"in2DMode":false,"pivot":{"x":-0.00000438680945080705,"y":0.000007296981493709609,"z":2.63309630099684e-7},"rotation":{"x":0.16224150359630586,"y":-0.5544955134391785,"z":0.11133009195327759,"w":0.8085829019546509},"size":0.000017320508050033823,"orthographic":false}