{"cameraMode":{"drawMode":0,"name":"Shaded","section":"Shading Mode"},"sceneLighting":false,"audioPlay":false,"sceneViewState":{"m_AlwaysRefresh":false,"showFog":true,"showSkybox":false,"showFlares":true,"showImageEffects":true,"showParticleSystems":true,"showVisualEffectGraphs":true,"m_FxEnabled":true},"in2DMode":false,"pivot":{"x":0.022815942764282228,"y":0.2898850440979004,"z":-0.014066338539123536},"rotation":{"x":0.26323777437210085,"y":-0.5179710388183594,"z":0.17144642770290376,"w":0.7956164479255676},"size":2.7075653076171877,"orthographic":false}