{"cameraMode":{"drawMode":0,"name":"Shaded","section":"Shading Mode"},"sceneLighting":false,"audioPlay":false,"sceneViewState":{"m_AlwaysRefresh":false,"showFog":true,"showSkybox":false,"showFlares":true,"showImageEffects":true,"showParticleSystems":true,"showVisualEffectGraphs":true,"m_FxEnabled":true},"in2DMode":false,"pivot":{"x":-2.5464844703674318,"y":0.1684858649969101,"z":-15.054232597351075},"rotation":{"x":-0.006255186162889004,"y":0.12688134610652924,"z":-0.0008168478962033987,"w":-0.9919126629829407},"size":0.06538362056016922,"orthographic":false}