{"cameraMode":{"drawMode":0,"name":"Shaded","section":"Shading Mode"},"sceneLighting":false,"audioPlay":false,"sceneViewState":{"m_AlwaysRefresh":false,"showFog":true,"showSkybox":false,"showFlares":true,"showImageEffects":true,"showParticleSystems":true,"showVisualEffectGraphs":true,"m_FxEnabled":true},"in2DMode":false,"pivot":{"x":0.007780551910400391,"y":0.006233334541320801,"z":1.142185926437378},"rotation":{"x":0.037739142775535586,"y":0.9602235555648804,"z":-0.22446192800998689,"w":0.15905052423477174},"size":2.795257568359375,"orthographic":false}