{"cameraMode":{"drawMode":0,"name":"Shaded","section":"Shading Mode"},"sceneLighting":false,"audioPlay":false,"sceneViewState":{"m_AlwaysRefresh":false,"showFog":true,"showSkybox":false,"showFlares":true,"showImageEffects":true,"showParticleSystems":true,"showVisualEffectGraphs":true,"m_FxEnabled":true},"in2DMode":false,"pivot":{"x":0.03492870181798935,"y":0.4587310552597046,"z":0.08632747828960419},"rotation":{"x":-0.22651565074920655,"y":-0.7031183242797852,"z":0.2553139626979828,"w":-0.6238216161727905},"size":0.8438135981559753,"orthographic":false}